{
"doc_id": "crs8032_1en_us",
"content_version": "1",
"document_part_number": "S-8032",
"content_type": "htmlzip",
"content_class": "html-default",
"source_system": "SDL",
"source_system_id": "GUID-9999999999-ABCD-9999-9999-9999999999",
"source_system_version": "1",
"lifecycle": "DRAFT",
"products": ["1013083813"],
"col_id": "crs8032",
"full_title": "HPE Cray User Access Node (UAN) Software Installation Guide (S-8032)",
"description": "This publication describes how to install and upgrade UAN product software.",
"creation_date": "2022-03-29T12:00:00",
"content_update_date": "2022-03-29T13:00:00",
"language_code": "en_US",
"object_name": "crs8032_1en_us",
"file_name": "crs8032_1en_us.zip",
"submitter": "darrenn.jackson@hpe.com",
"company_info": "HPE-green",
"customer_available_date": "",
"content_org": "CMG708"
}
