<?xml version='1.0' encoding='UTF-8'?>


<project xmlns:dita="http://dita-ot.sourceforge.net" xmlns:if="ant:if" xmlns:unless="ant:unless" name="dita2HPEscHtml5">
  <target name="dita2HPEscHtml5"
          dita:depends="HPEscHTML5.html5.init, html5.init,
                   build-init,
                   preprocess,{depend.HPEscHTML5.pre},
                   html5.topic,
                   HPEscHTML5.html5.map,
                   html5.css,{depend.HPEscHTML5.post}, hpecopymore"
          dita:extension="depends org.dita.dost.platform.InsertDependsAction">

	   <echo>Running HTML5 output for HPE Support Center</echo>
  </target>
  
  <!-- copy all css files in dir to build css dir -->
  <!-- since only one file can be defined and automatically copied via args.css and we want two separate files to be used, we are using a single css file (css_parent.css) that imports the two files in order. This target copies the extra files -->
  <target name="hpecopymore">
    <delete>
		<fileset dir="${user.csspath.real}" includes="**/common*.css"/>
	</delete>
	
	<!-- copy custom css files -->
	<copy todir="${user.csspath.real}">
      <fileset dir="${dita.plugin.com.hpe.html5.common.dir}/css" includes="*.css"/>
    </copy>

  </target> 
  
  
  <!-- HPE joshuaj changed property to point to com.hpe.html5.common -->
  <target name="HPEscHTML5.html5.init">
    <property name="args.cssroot" location="${dita.plugin.com.hpe.html5.common.dir}/css"/>
    <property name="args.css" value="css_parent.css"/>
    <property name="args.copycss" value="yes"/>
    <property name="args.csspath" value="css"/>
    <property name="args.xsl" value="${dita.plugin.com.hpe.html5.common.dir}/xsl/dita2html5.xsl"/>
  </target>
  
  <target name="HPEscHTML5.html5.map"
          depends="HPEscHTML5.html5.map.init,
                   html5.map.toc"/>

  <target name="HPEscHTML5.html5.map.init">
    <property name="args.html5.toc.xsl" value="${dita.plugin.com.hpe.html5.common.dir}/xsl/map2html5-cover.xsl"/>
    <property name="args.html5.toc" value="index"/>
    <property name="html5.toc.generate" value="true"/>
    <condition property="_html5.toc.skip" value="true">
      <or>
        <isset property="noMap"/>
        <isfalse value="${html5.toc.generate}"/>
      </or>
    </condition>
  </target>
</project>